input_index,swizzled_index
0,0
1,2
2,16
3,18
4,256
5,258
6,272
7,274
8,512
9,514
10,528
11,530
12,768
13,770
14,784
15,786
16,1024
17,1026
18,1040
19,1042
20,1280
21,1282
22,1296
23,1298
24,1536
25,1538
26,1552
27,1554
28,1792
29,1794
30,1808
31,1810
32,2048
33,2050
34,2064
35,2066
36,2304
37,2306
38,2320
39,2322
40,2560
41,2562
42,2576
43,2578
44,2816
45,2818
46,2832
47,2834
48,3072
49,3074
50,3088
51,3090
52,3328
53,3330
54,3344
55,3346
56,3584
57,3586
58,3600
59,3602
60,3840
61,3842
62,3856
63,3858
64,4096
65,4098
66,4112
67,4114
68,4352
69,4354
70,4368
71,4370
72,4608
73,4610
74,4624
75,4626
76,4864
77,4866
78,4880
79,4882
80,1
81,3
82,17
83,19
84,257
85,259
86,273
87,275
88,513
89,515
90,529
91,531
92,769
93,771
94,785
95,787
96,1025
97,1027
98,1041
99,1043
100,1281
101,1283
102,1297
103,1299
104,1537
105,1539
106,1553
107,1555
108,1793
109,1795
110,1809
111,1811
112,2049
113,2051
114,2065
115,2067
116,2305
117,2307
118,2321
119,2323
120,2561
121,2563
122,2577
123,2579
124,2817
125,2819
126,2833
127,2835
128,3073
129,3075
130,3089
131,3091
132,3329
133,3331
134,3345
135,3347
136,3585
137,3587
138,3601
139,3603
140,3841
141,3843
142,3857
143,3859
144,4097
145,4099
146,4113
147,4115
148,4353
149,4355
150,4369
151,4371
152,4609
153,4611
154,4625
155,4627
156,4865
157,4867
158,4881
159,4883
160,4
161,6
162,20
163,22
164,260
165,262
166,276
167,278
168,516
169,518
170,532
171,534
172,772
173,774
174,788
175,790
176,1028
177,1030
178,1044
179,1046
180,1284
181,1286
182,1300
183,1302
184,1540
185,1542
186,1556
187,1558
188,1796
189,1798
190,1812
191,1814
192,2052
193,2054
194,2068
195,2070
196,2308
197,2310
198,2324
199,2326
200,2564
201,2566
202,2580
203,2582
204,2820
205,2822
206,2836
207,2838
208,3076
209,3078
210,3092
211,3094
212,3332
213,3334
214,3348
215,3350
216,3588
217,3590
218,3604
219,3606
220,3844
221,3846
222,3860
223,3862
224,4100
225,4102
226,4116
227,4118
228,4356
229,4358
230,4372
231,4374
232,4612
233,4614
234,4628
235,4630
236,4868
237,4870
238,4884
239,4886
240,5
241,7
242,21
243,23
244,261
245,263
246,277
247,279
248,517
249,519
250,533
251,535
252,773
253,775
254,789
255,791
256,1029
257,1031
258,1045
259,1047
260,1285
261,1287
262,1301
263,1303
264,1541
265,1543
266,1557
267,1559
268,1797
269,1799
270,1813
271,1815
272,2053
273,2055
274,2069
275,2071
276,2309
277,2311
278,2325
279,2327
280,2565
281,2567
282,2581
283,2583
284,2821
285,2823
286,2837
287,2839
288,3077
289,3079
290,3093
291,3095
292,3333
293,3335
294,3349
295,3351
296,3589
297,3591
298,3605
299,3607
300,3845
301,3847
302,3861
303,3863
304,4101
305,4103
306,4117
307,4119
308,4357
309,4359
310,4373
311,4375
312,4613
313,4615
314,4629
315,4631
316,4869
317,4871
318,4885
319,4887
320,8
321,10
322,24
323,26
324,264
325,266
326,280
327,282
328,520
329,522
330,536
331,538
332,776
333,778
334,792
335,794
336,1032
337,1034
338,1048
339,1050
340,1288
341,1290
342,1304
343,1306
344,1544
345,1546
346,1560
347,1562
348,1800
349,1802
350,1816
351,1818
352,2056
353,2058
354,2072
355,2074
356,2312
357,2314
358,2328
359,2330
360,2568
361,2570
362,2584
363,2586
364,2824
365,2826
366,2840
367,2842
368,3080
369,3082
370,3096
371,3098
372,3336
373,3338
374,3352
375,3354
376,3592
377,3594
378,3608
379,3610
380,3848
381,3850
382,3864
383,3866
384,4104
385,4106
386,4120
387,4122
388,4360
389,4362
390,4376
391,4378
392,4616
393,4618
394,4632
395,4634
396,4872
397,4874
398,4888
399,4890
400,9
401,11
402,25
403,27
404,265
405,267
406,281
407,283
408,521
409,523
410,537
411,539
412,777
413,779
414,793
415,795
416,1033
417,1035
418,1049
419,1051
420,1289
421,1291
422,1305
423,1307
424,1545
425,1547
426,1561
427,1563
428,1801
429,1803
430,1817
431,1819
432,2057
433,2059
434,2073
435,2075
436,2313
437,2315
438,2329
439,2331
440,2569
441,2571
442,2585
443,2587
444,2825
445,2827
446,2841
447,2843
448,3081
449,3083
450,3097
451,3099
452,3337
453,3339
454,3353
455,3355
456,3593
457,3595
458,3609
459,3611
460,3849
461,3851
462,3865
463,3867
464,4105
465,4107
466,4121
467,4123
468,4361
469,4363
470,4377
471,4379
472,4617
473,4619
474,4633
475,4635
476,4873
477,4875
478,4889
479,4891
480,12
481,14
482,28
483,30
484,268
485,270
486,284
487,286
488,524
489,526
490,540
491,542
492,780
493,782
494,796
495,798
496,1036
497,1038
498,1052
499,1054
500,1292
501,1294
502,1308
503,1310
504,1548
505,1550
506,1564
507,1566
508,1804
509,1806
510,1820
511,1822
512,2060
513,2062
514,2076
515,2078
516,2316
517,2318
518,2332
519,2334
520,2572
521,2574
522,2588
523,2590
524,2828
525,2830
526,2844
527,2846
528,3084
529,3086
530,3100
531,3102
532,3340
533,3342
534,3356
535,3358
536,3596
537,3598
538,3612
539,3614
540,3852
541,3854
542,3868
543,3870
544,4108
545,4110
546,4124
547,4126
548,4364
549,4366
550,4380
551,4382
552,4620
553,4622
554,4636
555,4638
556,4876
557,4878
558,4892
559,4894
560,13
561,15
562,29
563,31
564,269
565,271
566,285
567,287
568,525
569,527
570,541
571,543
572,781
573,783
574,797
575,799
576,1037
577,1039
578,1053
579,1055
580,1293
581,1295
582,1309
583,1311
584,1549
585,1551
586,1565
587,1567
588,1805
589,1807
590,1821
591,1823
592,2061
593,2063
594,2077
595,2079
596,2317
597,2319
598,2333
599,2335
600,2573
601,2575
602,2589
603,2591
604,2829
605,2831
606,2845
607,2847
608,3085
609,3087
610,3101
611,3103
612,3341
613,3343
614,3357
615,3359
616,3597
617,3599
618,3613
619,3615
620,3853
621,3855
622,3869
623,3871
624,4109
625,4111
626,4125
627,4127
628,4365
629,4367
630,4381
631,4383
632,4621
633,4623
634,4637
635,4639
636,4877
637,4879
638,4893
639,4895
640,32
641,34
642,48
643,50
644,288
645,290
646,304
647,306
648,544
649,546
650,560
651,562
652,800
653,802
654,816
655,818
656,1056
657,1058
658,1072
659,1074
660,1312
661,1314
662,1328
663,1330
664,1568
665,1570
666,1584
667,1586
668,1824
669,1826
670,1840
671,1842
672,2080
673,2082
674,2096
675,2098
676,2336
677,2338
678,2352
679,2354
680,2592
681,2594
682,2608
683,2610
684,2848
685,2850
686,2864
687,2866
688,3104
689,3106
690,3120
691,3122
692,3360
693,3362
694,3376
695,3378
696,3616
697,3618
698,3632
699,3634
700,3872
701,3874
702,3888
703,3890
704,4128
705,4130
706,4144
707,4146
708,4384
709,4386
710,4400
711,4402
712,4640
713,4642
714,4656
715,4658
716,4896
717,4898
718,4912
719,4914
720,33
721,35
722,49
723,51
724,289
725,291
726,305
727,307
728,545
729,547
730,561
731,563
732,801
733,803
734,817
735,819
736,1057
737,1059
738,1073
739,1075
740,1313
741,1315
742,1329
743,1331
744,1569
745,1571
746,1585
747,1587
748,1825
749,1827
750,1841
751,1843
752,2081
753,2083
754,2097
755,2099
756,2337
757,2339
758,2353
759,2355
760,2593
761,2595
762,2609
763,2611
764,2849
765,2851
766,2865
767,2867
768,3105
769,3107
770,3121
771,3123
772,3361
773,3363
774,3377
775,3379
776,3617
777,3619
778,3633
779,3635
780,3873
781,3875
782,3889
783,3891
784,4129
785,4131
786,4145
787,4147
788,4385
789,4387
790,4401
791,4403
792,4641
793,4643
794,4657
795,4659
796,4897
797,4899
798,4913
799,4915
800,36
801,38
802,52
803,54
804,292
805,294
806,308
807,310
808,548
809,550
810,564
811,566
812,804
813,806
814,820
815,822
816,1060
817,1062
818,1076
819,1078
820,1316
821,1318
822,1332
823,1334
824,1572
825,1574
826,1588
827,1590
828,1828
829,1830
830,1844
831,1846
832,2084
833,2086
834,2100
835,2102
836,2340
837,2342
838,2356
839,2358
840,2596
841,2598
842,2612
843,2614
844,2852
845,2854
846,2868
847,2870
848,3108
849,3110
850,3124
851,3126
852,3364
853,3366
854,3380
855,3382
856,3620
857,3622
858,3636
859,3638
860,3876
861,3878
862,3892
863,3894
864,4132
865,4134
866,4148
867,4150
868,4388
869,4390
870,4404
871,4406
872,4644
873,4646
874,4660
875,4662
876,4900
877,4902
878,4916
879,4918
880,37
881,39
882,53
883,55
884,293
885,295
886,309
887,311
888,549
889,551
890,565
891,567
892,805
893,807
894,821
895,823
896,1061
897,1063
898,1077
899,1079
900,1317
901,1319
902,1333
903,1335
904,1573
905,1575
906,1589
907,1591
908,1829
909,1831
910,1845
911,1847
912,2085
913,2087
914,2101
915,2103
916,2341
917,2343
918,2357
919,2359
920,2597
921,2599
922,2613
923,2615
924,2853
925,2855
926,2869
927,2871
928,3109
929,3111
930,3125
931,3127
932,3365
933,3367
934,3381
935,3383
936,3621
937,3623
938,3637
939,3639
940,3877
941,3879
942,3893
943,3895
944,4133
945,4135
946,4149
947,4151
948,4389
949,4391
950,4405
951,4407
952,4645
953,4647
954,4661
955,4663
956,4901
957,4903
958,4917
959,4919
960,40
961,42
962,56
963,58
964,296
965,298
966,312
967,314
968,552
969,554
970,568
971,570
972,808
973,810
974,824
975,826
976,1064
977,1066
978,1080
979,1082
980,1320
981,1322
982,1336
983,1338
984,1576
985,1578
986,1592
987,1594
988,1832
989,1834
990,1848
991,1850
992,2088
993,2090
994,2104
995,2106
996,2344
997,2346
998,2360
999,2362
1000,2600
1001,2602
1002,2616
1003,2618
1004,2856
1005,2858
1006,2872
1007,2874
1008,3112
1009,3114
1010,3128
1011,3130
1012,3368
1013,3370
1014,3384
1015,3386
1016,3624
1017,3626
1018,3640
1019,3642
1020,3880
1021,3882
1022,3896
1023,3898
1024,4136
1025,4138
1026,4152
1027,4154
1028,4392
1029,4394
1030,4408
1031,4410
1032,4648
1033,4650
1034,4664
1035,4666
1036,4904
1037,4906
1038,4920
1039,4922
1040,41
1041,43
1042,57
1043,59
1044,297
1045,299
1046,313
1047,315
1048,553
1049,555
1050,569
1051,571
1052,809
1053,811
1054,825
1055,827
1056,1065
1057,1067
1058,1081
1059,1083
1060,1321
1061,1323
1062,1337
1063,1339
1064,1577
1065,1579
1066,1593
1067,1595
1068,1833
1069,1835
1070,1849
1071,1851
1072,2089
1073,2091
1074,2105
1075,2107
1076,2345
1077,2347
1078,2361
1079,2363
1080,2601
1081,2603
1082,2617
1083,2619
1084,2857
1085,2859
1086,2873
1087,2875
1088,3113
1089,3115
1090,3129
1091,3131
1092,3369
1093,3371
1094,3385
1095,3387
1096,3625
1097,3627
1098,3641
1099,3643
1100,3881
1101,3883
1102,3897
1103,3899
1104,4137
1105,4139
1106,4153
1107,4155
1108,4393
1109,4395
1110,4409
1111,4411
1112,4649
1113,4651
1114,4665
1115,4667
1116,4905
1117,4907
1118,4921
1119,4923
1120,44
1121,46
1122,60
1123,62
1124,300
1125,302
1126,316
1127,318
1128,556
1129,558
1130,572
1131,574
1132,812
1133,814
1134,828
1135,830
1136,1068
1137,1070
1138,1084
1139,1086
1140,1324
1141,1326
1142,1340
1143,1342
1144,1580
1145,1582
1146,1596
1147,1598
1148,1836
1149,1838
1150,1852
1151,1854
1152,2092
1153,2094
1154,2108
1155,2110
1156,2348
1157,2350
1158,2364
1159,2366
1160,2604
1161,2606
1162,2620
1163,2622
1164,2860
1165,2862
1166,2876
1167,2878
1168,3116
1169,3118
1170,3132
1171,3134
1172,3372
1173,3374
1174,3388
1175,3390
1176,3628
1177,3630
1178,3644
1179,3646
1180,3884
1181,3886
1182,3900
1183,3902
1184,4140
1185,4142
1186,4156
1187,4158
1188,4396
1189,4398
1190,4412
1191,4414
1192,4652
1193,4654
1194,4668
1195,4670
1196,4908
1197,4910
1198,4924
1199,4926
1200,45
1201,47
1202,61
1203,63
1204,301
1205,303
1206,317
1207,319
1208,557
1209,559
1210,573
1211,575
1212,813
1213,815
1214,829
1215,831
1216,1069
1217,1071
1218,1085
1219,1087
1220,1325
1221,1327
1222,1341
1223,1343
1224,1581
1225,1583
1226,1597
1227,1599
1228,1837
1229,1839
1230,1853
1231,1855
1232,2093
1233,2095
1234,2109
1235,2111
1236,2349
1237,2351
1238,2365
1239,2367
1240,2605
1241,2607
1242,2621
1243,2623
1244,2861
1245,2863
1246,2877
1247,2879
1248,3117
1249,3119
1250,3133
1251,3135
1252,3373
1253,3375
1254,3389
1255,3391
1256,3629
1257,3631
1258,3645
1259,3647
1260,3885
1261,3887
1262,3901
1263,3903
1264,4141
1265,4143
1266,4157
1267,4159
1268,4397
1269,4399
1270,4413
1271,4415
1272,4653
1273,4655
1274,4669
1275,4671
1276,4909
1277,4911
1278,4925
1279,4927
1280,64
1281,66
1282,80
1283,82
1284,320
1285,322
1286,336
1287,338
1288,576
1289,578
1290,592
1291,594
1292,832
1293,834
1294,848
1295,850
1296,1088
1297,1090
1298,1104
1299,1106
1300,1344
1301,1346
1302,1360
1303,1362
1304,1600
1305,1602
1306,1616
1307,1618
1308,1856
1309,1858
1310,1872
1311,1874
1312,2112
1313,2114
1314,2128
1315,2130
1316,2368
1317,2370
1318,2384
1319,2386
1320,2624
1321,2626
1322,2640
1323,2642
1324,2880
1325,2882
1326,2896
1327,2898
1328,3136
1329,3138
1330,3152
1331,3154
1332,3392
1333,3394
1334,3408
1335,3410
1336,3648
1337,3650
1338,3664
1339,3666
1340,3904
1341,3906
1342,3920
1343,3922
1344,4160
1345,4162
1346,4176
1347,4178
1348,4416
1349,4418
1350,4432
1351,4434
1352,4672
1353,4674
1354,4688
1355,4690
1356,4928
1357,4930
1358,4944
1359,4946
1360,65
1361,67
1362,81
1363,83
1364,321
1365,323
1366,337
1367,339
1368,577
1369,579
1370,593
1371,595
1372,833
1373,835
1374,849
1375,851
1376,1089
1377,1091
1378,1105
1379,1107
1380,1345
1381,1347
1382,1361
1383,1363
1384,1601
1385,1603
1386,1617
1387,1619
1388,1857
1389,1859
1390,1873
1391,1875
1392,2113
1393,2115
1394,2129
1395,2131
1396,2369
1397,2371
1398,2385
1399,2387
1400,2625
1401,2627
1402,2641
1403,2643
1404,2881
1405,2883
1406,2897
1407,2899
1408,3137
1409,3139
1410,3153
1411,3155
1412,3393
1413,3395
1414,3409
1415,3411
1416,3649
1417,3651
1418,3665
1419,3667
1420,3905
1421,3907
1422,3921
1423,3923
1424,4161
1425,4163
1426,4177
1427,4179
1428,4417
1429,4419
1430,4433
1431,4435
1432,4673
1433,4675
1434,4689
1435,4691
1436,4929
1437,4931
1438,4945
1439,4947
1440,68
1441,70
1442,84
1443,86
1444,324
1445,326
1446,340
1447,342
1448,580
1449,582
1450,596
1451,598
1452,836
1453,838
1454,852
1455,854
1456,1092
1457,1094
1458,1108
1459,1110
1460,1348
1461,1350
1462,1364
1463,1366
1464,1604
1465,1606
1466,1620
1467,1622
1468,1860
1469,1862
1470,1876
1471,1878
1472,2116
1473,2118
1474,2132
1475,2134
1476,2372
1477,2374
1478,2388
1479,2390
1480,2628
1481,2630
1482,2644
1483,2646
1484,2884
1485,2886
1486,2900
1487,2902
1488,3140
1489,3142
1490,3156
1491,3158
1492,3396
1493,3398
1494,3412
1495,3414
1496,3652
1497,3654
1498,3668
1499,3670
1500,3908
1501,3910
1502,3924
1503,3926
1504,4164
1505,4166
1506,4180
1507,4182
1508,4420
1509,4422
1510,4436
1511,4438
1512,4676
1513,4678
1514,4692
1515,4694
1516,4932
1517,4934
1518,4948
1519,4950
1520,69
1521,71
1522,85
1523,87
1524,325
1525,327
1526,341
1527,343
1528,581
1529,583
1530,597
1531,599
1532,837
1533,839
1534,853
1535,855
1536,1093
1537,1095
1538,1109
1539,1111
1540,1349
1541,1351
1542,1365
1543,1367
1544,1605
1545,1607
1546,1621
1547,1623
1548,1861
1549,1863
1550,1877
1551,1879
1552,2117
1553,2119
1554,2133
1555,2135
1556,2373
1557,2375
1558,2389
1559,2391
1560,2629
1561,2631
1562,2645
1563,2647
1564,2885
1565,2887
1566,2901
1567,2903
1568,3141
1569,3143
1570,3157
1571,3159
1572,3397
1573,3399
1574,3413
1575,3415
1576,3653
1577,3655
1578,3669
1579,3671
1580,3909
1581,3911
1582,3925
1583,3927
1584,4165
1585,4167
1586,4181
1587,4183
1588,4421
1589,4423
1590,4437
1591,4439
1592,4677
1593,4679
1594,4693
1595,4695
1596,4933
1597,4935
1598,4949
1599,4951
1600,72
1601,74
1602,88
1603,90
1604,328
1605,330
1606,344
1607,346
1608,584
1609,586
1610,600
1611,602
1612,840
1613,842
1614,856
1615,858
1616,1096
1617,1098
1618,1112
1619,1114
1620,1352
1621,1354
1622,1368
1623,1370
1624,1608
1625,1610
1626,1624
1627,1626
1628,1864
1629,1866
1630,1880
1631,1882
1632,2120
1633,2122
1634,2136
1635,2138
1636,2376
1637,2378
1638,2392
1639,2394
1640,2632
1641,2634
1642,2648
1643,2650
1644,2888
1645,2890
1646,2904
1647,2906
1648,3144
1649,3146
1650,3160
1651,3162
1652,3400
1653,3402
1654,3416
1655,3418
1656,3656
1657,3658
1658,3672
1659,3674
1660,3912
1661,3914
1662,3928
1663,3930
1664,4168
1665,4170
1666,4184
1667,4186
1668,4424
1669,4426
1670,4440
1671,4442
1672,4680
1673,4682
1674,4696
1675,4698
1676,4936
1677,4938
1678,4952
1679,4954
1680,73
1681,75
1682,89
1683,91
1684,329
1685,331
1686,345
1687,347
1688,585
1689,587
1690,601
1691,603
1692,841
1693,843
1694,857
1695,859
1696,1097
1697,1099
1698,1113
1699,1115
1700,1353
1701,1355
1702,1369
1703,1371
1704,1609
1705,1611
1706,1625
1707,1627
1708,1865
1709,1867
1710,1881
1711,1883
1712,2121
1713,2123
1714,2137
1715,2139
1716,2377
1717,2379
1718,2393
1719,2395
1720,2633
1721,2635
1722,2649
1723,2651
1724,2889
1725,2891
1726,2905
1727,2907
1728,3145
1729,3147
1730,3161
1731,3163
1732,3401
1733,3403
1734,3417
1735,3419
1736,3657
1737,3659
1738,3673
1739,3675
1740,3913
1741,3915
1742,3929
1743,3931
1744,4169
1745,4171
1746,4185
1747,4187
1748,4425
1749,4427
1750,4441
1751,4443
1752,4681
1753,4683
1754,4697
1755,4699
1756,4937
1757,4939
1758,4953
1759,4955
1760,76
1761,78
1762,92
1763,94
1764,332
1765,334
1766,348
1767,350
1768,588
1769,590
1770,604
1771,606
1772,844
1773,846
1774,860
1775,862
1776,1100
1777,1102
1778,1116
1779,1118
1780,1356
1781,1358
1782,1372
1783,1374
1784,1612
1785,1614
1786,1628
1787,1630
1788,1868
1789,1870
1790,1884
1791,1886
1792,2124
1793,2126
1794,2140
1795,2142
1796,2380
1797,2382
1798,2396
1799,2398
1800,2636
1801,2638
1802,2652
1803,2654
1804,2892
1805,2894
1806,2908
1807,2910
1808,3148
1809,3150
1810,3164
1811,3166
1812,3404
1813,3406
1814,3420
1815,3422
1816,3660
1817,3662
1818,3676
1819,3678
1820,3916
1821,3918
1822,3932
1823,3934
1824,4172
1825,4174
1826,4188
1827,4190
1828,4428
1829,4430
1830,4444
1831,4446
1832,4684
1833,4686
1834,4700
1835,4702
1836,4940
1837,4942
1838,4956
1839,4958
1840,77
1841,79
1842,93
1843,95
1844,333
1845,335
1846,349
1847,351
1848,589
1849,591
1850,605
1851,607
1852,845
1853,847
1854,861
1855,863
1856,1101
1857,1103
1858,1117
1859,1119
1860,1357
1861,1359
1862,1373
1863,1375
1864,1613
1865,1615
1866,1629
1867,1631
1868,1869
1869,1871
1870,1885
1871,1887
1872,2125
1873,2127
1874,2141
1875,2143
1876,2381
1877,2383
1878,2397
1879,2399
1880,2637
1881,2639
1882,2653
1883,2655
1884,2893
1885,2895
1886,2909
1887,2911
1888,3149
1889,3151
1890,3165
1891,3167
1892,3405
1893,3407
1894,3421
1895,3423
1896,3661
1897,3663
1898,3677
1899,3679
1900,3917
1901,3919
1902,3933
1903,3935
1904,4173
1905,4175
1906,4189
1907,4191
1908,4429
1909,4431
1910,4445
1911,4447
1912,4685
1913,4687
1914,4701
1915,4703
1916,4941
1917,4943
1918,4957
1919,4959
1920,96
1921,98
1922,112
1923,114
1924,352
1925,354
1926,368
1927,370
1928,608
1929,610
1930,624
1931,626
1932,864
1933,866
1934,880
1935,882
1936,1120
1937,1122
1938,1136
1939,1138
1940,1376
1941,1378
1942,1392
1943,1394
1944,1632
1945,1634
1946,1648
1947,1650
1948,1888
1949,1890
1950,1904
1951,1906
1952,2144
1953,2146
1954,2160
1955,2162
1956,2400
1957,2402
1958,2416
1959,2418
1960,2656
1961,2658
1962,2672
1963,2674
1964,2912
1965,2914
1966,2928
1967,2930
1968,3168
1969,3170
1970,3184
1971,3186
1972,3424
1973,3426
1974,3440
1975,3442
1976,3680
1977,3682
1978,3696
1979,3698
1980,3936
1981,3938
1982,3952
1983,3954
1984,4192
1985,4194
1986,4208
1987,4210
1988,4448
1989,4450
1990,4464
1991,4466
1992,4704
1993,4706
1994,4720
1995,4722
1996,4960
1997,4962
1998,4976
1999,4978
2000,97
2001,99
2002,113
2003,115
2004,353
2005,355
2006,369
2007,371
2008,609
2009,611
2010,625
2011,627
2012,865
2013,867
2014,881
2015,883
2016,1121
2017,1123
2018,1137
2019,1139
2020,1377
2021,1379
2022,1393
2023,1395
2024,1633
2025,1635
2026,1649
2027,1651
2028,1889
2029,1891
2030,1905
2031,1907
2032,2145
2033,2147
2034,2161
2035,2163
2036,2401
2037,2403
2038,2417
2039,2419
2040,2657
2041,2659
2042,2673
2043,2675
2044,2913
2045,2915
2046,2929
2047,2931
2048,3169
2049,3171
2050,3185
2051,3187
2052,3425
2053,3427
2054,3441
2055,3443
2056,3681
2057,3683
2058,3697
2059,3699
2060,3937
2061,3939
2062,3953
2063,3955
2064,4193
2065,4195
2066,4209
2067,4211
2068,4449
2069,4451
2070,4465
2071,4467
2072,4705
2073,4707
2074,4721
2075,4723
2076,4961
2077,4963
2078,4977
2079,4979
2080,100
2081,102
2082,116
2083,118
2084,356
2085,358
2086,372
2087,374
2088,612
2089,614
2090,628
2091,630
2092,868
2093,870
2094,884
2095,886
2096,1124
2097,1126
2098,1140
2099,1142
2100,1380
2101,1382
2102,1396
2103,1398
2104,1636
2105,1638
2106,1652
2107,1654
2108,1892
2109,1894
2110,1908
2111,1910
2112,2148
2113,2150
2114,2164
2115,2166
2116,2404
2117,2406
2118,2420
2119,2422
2120,2660
2121,2662
2122,2676
2123,2678
2124,2916
2125,2918
2126,2932
2127,2934
2128,3172
2129,3174
2130,3188
2131,3190
2132,3428
2133,3430
2134,3444
2135,3446
2136,3684
2137,3686
2138,3700
2139,3702
2140,3940
2141,3942
2142,3956
2143,3958
2144,4196
2145,4198
2146,4212
2147,4214
2148,4452
2149,4454
2150,4468
2151,4470
2152,4708
2153,4710
2154,4724
2155,4726
2156,4964
2157,4966
2158,4980
2159,4982
2160,101
2161,103
2162,117
2163,119
2164,357
2165,359
2166,373
2167,375
2168,613
2169,615
2170,629
2171,631
2172,869
2173,871
2174,885
2175,887
2176,1125
2177,1127
2178,1141
2179,1143
2180,1381
2181,1383
2182,1397
2183,1399
2184,1637
2185,1639
2186,1653
2187,1655
2188,1893
2189,1895
2190,1909
2191,1911
2192,2149
2193,2151
2194,2165
2195,2167
2196,2405
2197,2407
2198,2421
2199,2423
2200,2661
2201,2663
2202,2677
2203,2679
2204,2917
2205,2919
2206,2933
2207,2935
2208,3173
2209,3175
2210,3189
2211,3191
2212,3429
2213,3431
2214,3445
2215,3447
2216,3685
2217,3687
2218,3701
2219,3703
2220,3941
2221,3943
2222,3957
2223,3959
2224,4197
2225,4199
2226,4213
2227,4215
2228,4453
2229,4455
2230,4469
2231,4471
2232,4709
2233,4711
2234,4725
2235,4727
2236,4965
2237,4967
2238,4981
2239,4983
2240,104
2241,106
2242,120
2243,122
2244,360
2245,362
2246,376
2247,378
2248,616
2249,618
2250,632
2251,634
2252,872
2253,874
2254,888
2255,890
2256,1128
2257,1130
2258,1144
2259,1146
2260,1384
2261,1386
2262,1400
2263,1402
2264,1640
2265,1642
2266,1656
2267,1658
2268,1896
2269,1898
2270,1912
2271,1914
2272,2152
2273,2154
2274,2168
2275,2170
2276,2408
2277,2410
2278,2424
2279,2426
2280,2664
2281,2666
2282,2680
2283,2682
2284,2920
2285,2922
2286,2936
2287,2938
2288,3176
2289,3178
2290,3192
2291,3194
2292,3432
2293,3434
2294,3448
2295,3450
2296,3688
2297,3690
2298,3704
2299,3706
2300,3944
2301,3946
2302,3960
2303,3962
2304,4200
2305,4202
2306,4216
2307,4218
2308,4456
2309,4458
2310,4472
2311,4474
2312,4712
2313,4714
2314,4728
2315,4730
2316,4968
2317,4970
2318,4984
2319,4986
2320,105
2321,107
2322,121
2323,123
2324,361
2325,363
2326,377
2327,379
2328,617
2329,619
2330,633
2331,635
2332,873
2333,875
2334,889
2335,891
2336,1129
2337,1131
2338,1145
2339,1147
2340,1385
2341,1387
2342,1401
2343,1403
2344,1641
2345,1643
2346,1657
2347,1659
2348,1897
2349,1899
2350,1913
2351,1915
2352,2153
2353,2155
2354,2169
2355,2171
2356,2409
2357,2411
2358,2425
2359,2427
2360,2665
2361,2667
2362,2681
2363,2683
2364,2921
2365,2923
2366,2937
2367,2939
2368,3177
2369,3179
2370,3193
2371,3195
2372,3433
2373,3435
2374,3449
2375,3451
2376,3689
2377,3691
2378,3705
2379,3707
2380,3945
2381,3947
2382,3961
2383,3963
2384,4201
2385,4203
2386,4217
2387,4219
2388,4457
2389,4459
2390,4473
2391,4475
2392,4713
2393,4715
2394,4729
2395,4731
2396,4969
2397,4971
2398,4985
2399,4987
2400,108
2401,110
2402,124
2403,126
2404,364
2405,366
2406,380
2407,382
2408,620
2409,622
2410,636
2411,638
2412,876
2413,878
2414,892
2415,894
2416,1132
2417,1134
2418,1148
2419,1150
2420,1388
2421,1390
2422,1404
2423,1406
2424,1644
2425,1646
2426,1660
2427,1662
2428,1900
2429,1902
2430,1916
2431,1918
2432,2156
2433,2158
2434,2172
2435,2174
2436,2412
2437,2414
2438,2428
2439,2430
2440,2668
2441,2670
2442,2684
2443,2686
2444,2924
2445,2926
2446,2940
2447,2942
2448,3180
2449,3182
2450,3196
2451,3198
2452,3436
2453,3438
2454,3452
2455,3454
2456,3692
2457,3694
2458,3708
2459,3710
2460,3948
2461,3950
2462,3964
2463,3966
2464,4204
2465,4206
2466,4220
2467,4222
2468,4460
2469,4462
2470,4476
2471,4478
2472,4716
2473,4718
2474,4732
2475,4734
2476,4972
2477,4974
2478,4988
2479,4990
2480,109
2481,111
2482,125
2483,127
2484,365
2485,367
2486,381
2487,383
2488,621
2489,623
2490,637
2491,639
2492,877
2493,879
2494,893
2495,895
2496,1133
2497,1135
2498,1149
2499,1151
2500,1389
2501,1391
2502,1405
2503,1407
2504,1645
2505,1647
2506,1661
2507,1663
2508,1901
2509,1903
2510,1917
2511,1919
2512,2157
2513,2159
2514,2173
2515,2175
2516,2413
2517,2415
2518,2429
2519,2431
2520,2669
2521,2671
2522,2685
2523,2687
2524,2925
2525,2927
2526,2941
2527,2943
2528,3181
2529,3183
2530,3197
2531,3199
2532,3437
2533,3439
2534,3453
2535,3455
2536,3693
2537,3695
2538,3709
2539,3711
2540,3949
2541,3951
2542,3965
2543,3967
2544,4205
2545,4207
2546,4221
2547,4223
2548,4461
2549,4463
2550,4477
2551,4479
2552,4717
2553,4719
2554,4733
2555,4735
2556,4973
2557,4975
2558,4989
2559,4991
2560,128
2561,130
2562,144
2563,146
2564,384
2565,386
2566,400
2567,402
2568,640
2569,642
2570,656
2571,658
2572,896
2573,898
2574,912
2575,914
2576,1152
2577,1154
2578,1168
2579,1170
2580,1408
2581,1410
2582,1424
2583,1426
2584,1664
2585,1666
2586,1680
2587,1682
2588,1920
2589,1922
2590,1936
2591,1938
2592,2176
2593,2178
2594,2192
2595,2194
2596,2432
2597,2434
2598,2448
2599,2450
2600,2688
2601,2690
2602,2704
2603,2706
2604,2944
2605,2946
2606,2960
2607,2962
2608,3200
2609,3202
2610,3216
2611,3218
2612,3456
2613,3458
2614,3472
2615,3474
2616,3712
2617,3714
2618,3728
2619,3730
2620,3968
2621,3970
2622,3984
2623,3986
2624,4224
2625,4226
2626,4240
2627,4242
2628,4480
2629,4482
2630,4496
2631,4498
2632,4736
2633,4738
2634,4752
2635,4754
2636,4992
2637,4994
2638,5008
2639,5010
2640,129
2641,131
2642,145
2643,147
2644,385
2645,387
2646,401
2647,403
2648,641
2649,643
2650,657
2651,659
2652,897
2653,899
2654,913
2655,915
2656,1153
2657,1155
2658,1169
2659,1171
2660,1409
2661,1411
2662,1425
2663,1427
2664,1665
2665,1667
2666,1681
2667,1683
2668,1921
2669,1923
2670,1937
2671,1939
2672,2177
2673,2179
2674,2193
2675,2195
2676,2433
2677,2435
2678,2449
2679,2451
2680,2689
2681,2691
2682,2705
2683,2707
2684,2945
2685,2947
2686,2961
2687,2963
2688,3201
2689,3203
2690,3217
2691,3219
2692,3457
2693,3459
2694,3473
2695,3475
2696,3713
2697,3715
2698,3729
2699,3731
2700,3969
2701,3971
2702,3985
2703,3987
2704,4225
2705,4227
2706,4241
2707,4243
2708,4481
2709,4483
2710,4497
2711,4499
2712,4737
2713,4739
2714,4753
2715,4755
2716,4993
2717,4995
2718,5009
2719,5011
2720,132
2721,134
2722,148
2723,150
2724,388
2725,390
2726,404
2727,406
2728,644
2729,646
2730,660
2731,662
2732,900
2733,902
2734,916
2735,918
2736,1156
2737,1158
2738,1172
2739,1174
2740,1412
2741,1414
2742,1428
2743,1430
2744,1668
2745,1670
2746,1684
2747,1686
2748,1924
2749,1926
2750,1940
2751,1942
2752,2180
2753,2182
2754,2196
2755,2198
2756,2436
2757,2438
2758,2452
2759,2454
2760,2692
2761,2694
2762,2708
2763,2710
2764,2948
2765,2950
2766,2964
2767,2966
2768,3204
2769,3206
2770,3220
2771,3222
2772,3460
2773,3462
2774,3476
2775,3478
2776,3716
2777,3718
2778,3732
2779,3734
2780,3972
2781,3974
2782,3988
2783,3990
2784,4228
2785,4230
2786,4244
2787,4246
2788,4484
2789,4486
2790,4500
2791,4502
2792,4740
2793,4742
2794,4756
2795,4758
2796,4996
2797,4998
2798,5012
2799,5014
2800,133
2801,135
2802,149
2803,151
2804,389
2805,391
2806,405
2807,407
2808,645
2809,647
2810,661
2811,663
2812,901
2813,903
2814,917
2815,919
2816,1157
2817,1159
2818,1173
2819,1175
2820,1413
2821,1415
2822,1429
2823,1431
2824,1669
2825,1671
2826,1685
2827,1687
2828,1925
2829,1927
2830,1941
2831,1943
2832,2181
2833,2183
2834,2197
2835,2199
2836,2437
2837,2439
2838,2453
2839,2455
2840,2693
2841,2695
2842,2709
2843,2711
2844,2949
2845,2951
2846,2965
2847,2967
2848,3205
2849,3207
2850,3221
2851,3223
2852,3461
2853,3463
2854,3477
2855,3479
2856,3717
2857,3719
2858,3733
2859,3735
2860,3973
2861,3975
2862,3989
2863,3991
2864,4229
2865,4231
2866,4245
2867,4247
2868,4485
2869,4487
2870,4501
2871,4503
2872,4741
2873,4743
2874,4757
2875,4759
2876,4997
2877,4999
2878,5013
2879,5015
2880,136
2881,138
2882,152
2883,154
2884,392
2885,394
2886,408
2887,410
2888,648
2889,650
2890,664
2891,666
2892,904
2893,906
2894,920
2895,922
2896,1160
2897,1162
2898,1176
2899,1178
2900,1416
2901,1418
2902,1432
2903,1434
2904,1672
2905,1674
2906,1688
2907,1690
2908,1928
2909,1930
2910,1944
2911,1946
2912,2184
2913,2186
2914,2200
2915,2202
2916,2440
2917,2442
2918,2456
2919,2458
2920,2696
2921,2698
2922,2712
2923,2714
2924,2952
2925,2954
2926,2968
2927,2970
2928,3208
2929,3210
2930,3224
2931,3226
2932,3464
2933,3466
2934,3480
2935,3482
2936,3720
2937,3722
2938,3736
2939,3738
2940,3976
2941,3978
2942,3992
2943,3994
2944,4232
2945,4234
2946,4248
2947,4250
2948,4488
2949,4490
2950,4504
2951,4506
2952,4744
2953,4746
2954,4760
2955,4762
2956,5000
2957,5002
2958,5016
2959,5018
2960,137
2961,139
2962,153
2963,155
2964,393
2965,395
2966,409
2967,411
2968,649
2969,651
2970,665
2971,667
2972,905
2973,907
2974,921
2975,923
2976,1161
2977,1163
2978,1177
2979,1179
2980,1417
2981,1419
2982,1433
2983,1435
2984,1673
2985,1675
2986,1689
2987,1691
2988,1929
2989,1931
2990,1945
2991,1947
2992,2185
2993,2187
2994,2201
2995,2203
2996,2441
2997,2443
2998,2457
2999,2459
3000,2697
3001,2699
3002,2713
3003,2715
3004,2953
3005,2955
3006,2969
3007,2971
3008,3209
3009,3211
3010,3225
3011,3227
3012,3465
3013,3467
3014,3481
3015,3483
3016,3721
3017,3723
3018,3737
3019,3739
3020,3977
3021,3979
3022,3993
3023,3995
3024,4233
3025,4235
3026,4249
3027,4251
3028,4489
3029,4491
3030,4505
3031,4507
3032,4745
3033,4747
3034,4761
3035,4763
3036,5001
3037,5003
3038,5017
3039,5019
3040,140
3041,142
3042,156
3043,158
3044,396
3045,398
3046,412
3047,414
3048,652
3049,654
3050,668
3051,670
3052,908
3053,910
3054,924
3055,926
3056,1164
3057,1166
3058,1180
3059,1182
3060,1420
3061,1422
3062,1436
3063,1438
3064,1676
3065,1678
3066,1692
3067,1694
3068,1932
3069,1934
3070,1948
3071,1950
3072,2188
3073,2190
3074,2204
3075,2206
3076,2444
3077,2446
3078,2460
3079,2462
3080,2700
3081,2702
3082,2716
3083,2718
3084,2956
3085,2958
3086,2972
3087,2974
3088,3212
3089,3214
3090,3228
3091,3230
3092,3468
3093,3470
3094,3484
3095,3486
3096,3724
3097,3726
3098,3740
3099,3742
3100,3980
3101,3982
3102,3996
3103,3998
3104,4236
3105,4238
3106,4252
3107,4254
3108,4492
3109,4494
3110,4508
3111,4510
3112,4748
3113,4750
3114,4764
3115,4766
3116,5004
3117,5006
3118,5020
3119,5022
3120,141
3121,143
3122,157
3123,159
3124,397
3125,399
3126,413
3127,415
3128,653
3129,655
3130,669
3131,671
3132,909
3133,911
3134,925
3135,927
3136,1165
3137,1167
3138,1181
3139,1183
3140,1421
3141,1423
3142,1437
3143,1439
3144,1677
3145,1679
3146,1693
3147,1695
3148,1933
3149,1935
3150,1949
3151,1951
3152,2189
3153,2191
3154,2205
3155,2207
3156,2445
3157,2447
3158,2461
3159,2463
3160,2701
3161,2703
3162,2717
3163,2719
3164,2957
3165,2959
3166,2973
3167,2975
3168,3213
3169,3215
3170,3229
3171,3231
3172,3469
3173,3471
3174,3485
3175,3487
3176,3725
3177,3727
3178,3741
3179,3743
3180,3981
3181,3983
3182,3997
3183,3999
3184,4237
3185,4239
3186,4253
3187,4255
3188,4493
3189,4495
3190,4509
3191,4511
3192,4749
3193,4751
3194,4765
3195,4767
3196,5005
3197,5007
3198,5021
3199,5023
3200,160
3201,162
3202,176
3203,178
3204,416
3205,418
3206,432
3207,434
3208,672
3209,674
3210,688
3211,690
3212,928
3213,930
3214,944
3215,946
3216,1184
3217,1186
3218,1200
3219,1202
3220,1440
3221,1442
3222,1456
3223,1458
3224,1696
3225,1698
3226,1712
3227,1714
3228,1952
3229,1954
3230,1968
3231,1970
3232,2208
3233,2210
3234,2224
3235,2226
3236,2464
3237,2466
3238,2480
3239,2482
3240,2720
3241,2722
3242,2736
3243,2738
3244,2976
3245,2978
3246,2992
3247,2994
3248,3232
3249,3234
3250,3248
3251,3250
3252,3488
3253,3490
3254,3504
3255,3506
3256,3744
3257,3746
3258,3760
3259,3762
3260,4000
3261,4002
3262,4016
3263,4018
3264,4256
3265,4258
3266,4272
3267,4274
3268,4512
3269,4514
3270,4528
3271,4530
3272,4768
3273,4770
3274,4784
3275,4786
3276,5024
3277,5026
3278,5040
3279,5042
3280,161
3281,163
3282,177
3283,179
3284,417
3285,419
3286,433
3287,435
3288,673
3289,675
3290,689
3291,691
3292,929
3293,931
3294,945
3295,947
3296,1185
3297,1187
3298,1201
3299,1203
3300,1441
3301,1443
3302,1457
3303,1459
3304,1697
3305,1699
3306,1713
3307,1715
3308,1953
3309,1955
3310,1969
3311,1971
3312,2209
3313,2211
3314,2225
3315,2227
3316,2465
3317,2467
3318,2481
3319,2483
3320,2721
3321,2723
3322,2737
3323,2739
3324,2977
3325,2979
3326,2993
3327,2995
3328,3233
3329,3235
3330,3249
3331,3251
3332,3489
3333,3491
3334,3505
3335,3507
3336,3745
3337,3747
3338,3761
3339,3763
3340,4001
3341,4003
3342,4017
3343,4019
3344,4257
3345,4259
3346,4273
3347,4275
3348,4513
3349,4515
3350,4529
3351,4531
3352,4769
3353,4771
3354,4785
3355,4787
3356,5025
3357,5027
3358,5041
3359,5043
3360,164
3361,166
3362,180
3363,182
3364,420
3365,422
3366,436
3367,438
3368,676
3369,678
3370,692
3371,694
3372,932
3373,934
3374,948
3375,950
3376,1188
3377,1190
3378,1204
3379,1206
3380,1444
3381,1446
3382,1460
3383,1462
3384,1700
3385,1702
3386,1716
3387,1718
3388,1956
3389,1958
3390,1972
3391,1974
3392,2212
3393,2214
3394,2228
3395,2230
3396,2468
3397,2470
3398,2484
3399,2486
3400,2724
3401,2726
3402,2740
3403,2742
3404,2980
3405,2982
3406,2996
3407,2998
3408,3236
3409,3238
3410,3252
3411,3254
3412,3492
3413,3494
3414,3508
3415,3510
3416,3748
3417,3750
3418,3764
3419,3766
3420,4004
3421,4006
3422,4020
3423,4022
3424,4260
3425,4262
3426,4276
3427,4278
3428,4516
3429,4518
3430,4532
3431,4534
3432,4772
3433,4774
3434,4788
3435,4790
3436,5028
3437,5030
3438,5044
3439,5046
3440,165
3441,167
3442,181
3443,183
3444,421
3445,423
3446,437
3447,439
3448,677
3449,679
3450,693
3451,695
3452,933
3453,935
3454,949
3455,951
3456,1189
3457,1191
3458,1205
3459,1207
3460,1445
3461,1447
3462,1461
3463,1463
3464,1701
3465,1703
3466,1717
3467,1719
3468,1957
3469,1959
3470,1973
3471,1975
3472,2213
3473,2215
3474,2229
3475,2231
3476,2469
3477,2471
3478,2485
3479,2487
3480,2725
3481,2727
3482,2741
3483,2743
3484,2981
3485,2983
3486,2997
3487,2999
3488,3237
3489,3239
3490,3253
3491,3255
3492,3493
3493,3495
3494,3509
3495,3511
3496,3749
3497,3751
3498,3765
3499,3767
3500,4005
3501,4007
3502,4021
3503,4023
3504,4261
3505,4263
3506,4277
3507,4279
3508,4517
3509,4519
3510,4533
3511,4535
3512,4773
3513,4775
3514,4789
3515,4791
3516,5029
3517,5031
3518,5045
3519,5047
3520,168
3521,170
3522,184
3523,186
3524,424
3525,426
3526,440
3527,442
3528,680
3529,682
3530,696
3531,698
3532,936
3533,938
3534,952
3535,954
3536,1192
3537,1194
3538,1208
3539,1210
3540,1448
3541,1450
3542,1464
3543,1466
3544,1704
3545,1706
3546,1720
3547,1722
3548,1960
3549,1962
3550,1976
3551,1978
3552,2216
3553,2218
3554,2232
3555,2234
3556,2472
3557,2474
3558,2488
3559,2490
3560,2728
3561,2730
3562,2744
3563,2746
3564,2984
3565,2986
3566,3000
3567,3002
3568,3240
3569,3242
3570,3256
3571,3258
3572,3496
3573,3498
3574,3512
3575,3514
3576,3752
3577,3754
3578,3768
3579,3770
3580,4008
3581,4010
3582,4024
3583,4026
3584,4264
3585,4266
3586,4280
3587,4282
3588,4520
3589,4522
3590,4536
3591,4538
3592,4776
3593,4778
3594,4792
3595,4794
3596,5032
3597,5034
3598,5048
3599,5050
3600,169
3601,171
3602,185
3603,187
3604,425
3605,427
3606,441
3607,443
3608,681
3609,683
3610,697
3611,699
3612,937
3613,939
3614,953
3615,955
3616,1193
3617,1195
3618,1209
3619,1211
3620,1449
3621,1451
3622,1465
3623,1467
3624,1705
3625,1707
3626,1721
3627,1723
3628,1961
3629,1963
3630,1977
3631,1979
3632,2217
3633,2219
3634,2233
3635,2235
3636,2473
3637,2475
3638,2489
3639,2491
3640,2729
3641,2731
3642,2745
3643,2747
3644,2985
3645,2987
3646,3001
3647,3003
3648,3241
3649,3243
3650,3257
3651,3259
3652,3497
3653,3499
3654,3513
3655,3515
3656,3753
3657,3755
3658,3769
3659,3771
3660,4009
3661,4011
3662,4025
3663,4027
3664,4265
3665,4267
3666,4281
3667,4283
3668,4521
3669,4523
3670,4537
3671,4539
3672,4777
3673,4779
3674,4793
3675,4795
3676,5033
3677,5035
3678,5049
3679,5051
3680,172
3681,174
3682,188
3683,190
3684,428
3685,430
3686,444
3687,446
3688,684
3689,686
3690,700
3691,702
3692,940
3693,942
3694,956
3695,958
3696,1196
3697,1198
3698,1212
3699,1214
3700,1452
3701,1454
3702,1468
3703,1470
3704,1708
3705,1710
3706,1724
3707,1726
3708,1964
3709,1966
3710,1980
3711,1982
3712,2220
3713,2222
3714,2236
3715,2238
3716,2476
3717,2478
3718,2492
3719,2494
3720,2732
3721,2734
3722,2748
3723,2750
3724,2988
3725,2990
3726,3004
3727,3006
3728,3244
3729,3246
3730,3260
3731,3262
3732,3500
3733,3502
3734,3516
3735,3518
3736,3756
3737,3758
3738,3772
3739,3774
3740,4012
3741,4014
3742,4028
3743,4030
3744,4268
3745,4270
3746,4284
3747,4286
3748,4524
3749,4526
3750,4540
3751,4542
3752,4780
3753,4782
3754,4796
3755,4798
3756,5036
3757,5038
3758,5052
3759,5054
3760,173
3761,175
3762,189
3763,191
3764,429
3765,431
3766,445
3767,447
3768,685
3769,687
3770,701
3771,703
3772,941
3773,943
3774,957
3775,959
3776,1197
3777,1199
3778,1213
3779,1215
3780,1453
3781,1455
3782,1469
3783,1471
3784,1709
3785,1711
3786,1725
3787,1727
3788,1965
3789,1967
3790,1981
3791,1983
3792,2221
3793,2223
3794,2237
3795,2239
3796,2477
3797,2479
3798,2493
3799,2495
3800,2733
3801,2735
3802,2749
3803,2751
3804,2989
3805,2991
3806,3005
3807,3007
3808,3245
3809,3247
3810,3261
3811,3263
3812,3501
3813,3503
3814,3517
3815,3519
3816,3757
3817,3759
3818,3773
3819,3775
3820,4013
3821,4015
3822,4029
3823,4031
3824,4269
3825,4271
3826,4285
3827,4287
3828,4525
3829,4527
3830,4541
3831,4543
3832,4781
3833,4783
3834,4797
3835,4799
3836,5037
3837,5039
3838,5053
3839,5055
3840,192
3841,194
3842,208
3843,210
3844,448
3845,450
3846,464
3847,466
3848,704
3849,706
3850,720
3851,722
3852,960
3853,962
3854,976
3855,978
3856,1216
3857,1218
3858,1232
3859,1234
3860,1472
3861,1474
3862,1488
3863,1490
3864,1728
3865,1730
3866,1744
3867,1746
3868,1984
3869,1986
3870,2000
3871,2002
3872,2240
3873,2242
3874,2256
3875,2258
3876,2496
3877,2498
3878,2512
3879,2514
3880,2752
3881,2754
3882,2768
3883,2770
3884,3008
3885,3010
3886,3024
3887,3026
3888,3264
3889,3266
3890,3280
3891,3282
3892,3520
3893,3522
3894,3536
3895,3538
3896,3776
3897,3778
3898,3792
3899,3794
3900,4032
3901,4034
3902,4048
3903,4050
3904,4288
3905,4290
3906,4304
3907,4306
3908,4544
3909,4546
3910,4560
3911,4562
3912,4800
3913,4802
3914,4816
3915,4818
3916,5056
3917,5058
3918,5072
3919,5074
3920,193
3921,195
3922,209
3923,211
3924,449
3925,451
3926,465
3927,467
3928,705
3929,707
3930,721
3931,723
3932,961
3933,963
3934,977
3935,979
3936,1217
3937,1219
3938,1233
3939,1235
3940,1473
3941,1475
3942,1489
3943,1491
3944,1729
3945,1731
3946,1745
3947,1747
3948,1985
3949,1987
3950,2001
3951,2003
3952,2241
3953,2243
3954,2257
3955,2259
3956,2497
3957,2499
3958,2513
3959,2515
3960,2753
3961,2755
3962,2769
3963,2771
3964,3009
3965,3011
3966,3025
3967,3027
3968,3265
3969,3267
3970,3281
3971,3283
3972,3521
3973,3523
3974,3537
3975,3539
3976,3777
3977,3779
3978,3793
3979,3795
3980,4033
3981,4035
3982,4049
3983,4051
3984,4289
3985,4291
3986,4305
3987,4307
3988,4545
3989,4547
3990,4561
3991,4563
3992,4801
3993,4803
3994,4817
3995,4819
3996,5057
3997,5059
3998,5073
3999,5075
4000,196
4001,198
4002,212
4003,214
4004,452
4005,454
4006,468
4007,470
4008,708
4009,710
4010,724
4011,726
4012,964
4013,966
4014,980
4015,982
4016,1220
4017,1222
4018,1236
4019,1238
4020,1476
4021,1478
4022,1492
4023,1494
4024,1732
4025,1734
4026,1748
4027,1750
4028,1988
4029,1990
4030,2004
4031,2006
4032,2244
4033,2246
4034,2260
4035,2262
4036,2500
4037,2502
4038,2516
4039,2518
4040,2756
4041,2758
4042,2772
4043,2774
4044,3012
4045,3014
4046,3028
4047,3030
4048,3268
4049,3270
4050,3284
4051,3286
4052,3524
4053,3526
4054,3540
4055,3542
4056,3780
4057,3782
4058,3796
4059,3798
4060,4036
4061,4038
4062,4052
4063,4054
4064,4292
4065,4294
4066,4308
4067,4310
4068,4548
4069,4550
4070,4564
4071,4566
4072,4804
4073,4806
4074,4820
4075,4822
4076,5060
4077,5062
4078,5076
4079,5078
4080,197
4081,199
4082,213
4083,215
4084,453
4085,455
4086,469
4087,471
4088,709
4089,711
4090,725
4091,727
4092,965
4093,967
4094,981
4095,983
4096,1221
4097,1223
4098,1237
4099,1239
4100,1477
4101,1479
4102,1493
4103,1495
4104,1733
4105,1735
4106,1749
4107,1751
4108,1989
4109,1991
4110,2005
4111,2007
4112,2245
4113,2247
4114,2261
4115,2263
4116,2501
4117,2503
4118,2517
4119,2519
4120,2757
4121,2759
4122,2773
4123,2775
4124,3013
4125,3015
4126,3029
4127,3031
4128,3269
4129,3271
4130,3285
4131,3287
4132,3525
4133,3527
4134,3541
4135,3543
4136,3781
4137,3783
4138,3797
4139,3799
4140,4037
4141,4039
4142,4053
4143,4055
4144,4293
4145,4295
4146,4309
4147,4311
4148,4549
4149,4551
4150,4565
4151,4567
4152,4805
4153,4807
4154,4821
4155,4823
4156,5061
4157,5063
4158,5077
4159,5079
4160,200
4161,202
4162,216
4163,218
4164,456
4165,458
4166,472
4167,474
4168,712
4169,714
4170,728
4171,730
4172,968
4173,970
4174,984
4175,986
4176,1224
4177,1226
4178,1240
4179,1242
4180,1480
4181,1482
4182,1496
4183,1498
4184,1736
4185,1738
4186,1752
4187,1754
4188,1992
4189,1994
4190,2008
4191,2010
4192,2248
4193,2250
4194,2264
4195,2266
4196,2504
4197,2506
4198,2520
4199,2522
4200,2760
4201,2762
4202,2776
4203,2778
4204,3016
4205,3018
4206,3032
4207,3034
4208,3272
4209,3274
4210,3288
4211,3290
4212,3528
4213,3530
4214,3544
4215,3546
4216,3784
4217,3786
4218,3800
4219,3802
4220,4040
4221,4042
4222,4056
4223,4058
4224,4296
4225,4298
4226,4312
4227,4314
4228,4552
4229,4554
4230,4568
4231,4570
4232,4808
4233,4810
4234,4824
4235,4826
4236,5064
4237,5066
4238,5080
4239,5082
4240,201
4241,203
4242,217
4243,219
4244,457
4245,459
4246,473
4247,475
4248,713
4249,715
4250,729
4251,731
4252,969
4253,971
4254,985
4255,987
4256,1225
4257,1227
4258,1241
4259,1243
4260,1481
4261,1483
4262,1497
4263,1499
4264,1737
4265,1739
4266,1753
4267,1755
4268,1993
4269,1995
4270,2009
4271,2011
4272,2249
4273,2251
4274,2265
4275,2267
4276,2505
4277,2507
4278,2521
4279,2523
4280,2761
4281,2763
4282,2777
4283,2779
4284,3017
4285,3019
4286,3033
4287,3035
4288,3273
4289,3275
4290,3289
4291,3291
4292,3529
4293,3531
4294,3545
4295,3547
4296,3785
4297,3787
4298,3801
4299,3803
4300,4041
4301,4043
4302,4057
4303,4059
4304,4297
4305,4299
4306,4313
4307,4315
4308,4553
4309,4555
4310,4569
4311,4571
4312,4809
4313,4811
4314,4825
4315,4827
4316,5065
4317,5067
4318,5081
4319,5083
4320,204
4321,206
4322,220
4323,222
4324,460
4325,462
4326,476
4327,478
4328,716
4329,718
4330,732
4331,734
4332,972
4333,974
4334,988
4335,990
4336,1228
4337,1230
4338,1244
4339,1246
4340,1484
4341,1486
4342,1500
4343,1502
4344,1740
4345,1742
4346,1756
4347,1758
4348,1996
4349,1998
4350,2012
4351,2014
4352,2252
4353,2254
4354,2268
4355,2270
4356,2508
4357,2510
4358,2524
4359,2526
4360,2764
4361,2766
4362,2780
4363,2782
4364,3020
4365,3022
4366,3036
4367,3038
4368,3276
4369,3278
4370,3292
4371,3294
4372,3532
4373,3534
4374,3548
4375,3550
4376,3788
4377,3790
4378,3804
4379,3806
4380,4044
4381,4046
4382,4060
4383,4062
4384,4300
4385,4302
4386,4316
4387,4318
4388,4556
4389,4558
4390,4572
4391,4574
4392,4812
4393,4814
4394,4828
4395,4830
4396,5068
4397,5070
4398,5084
4399,5086
4400,205
4401,207
4402,221
4403,223
4404,461
4405,463
4406,477
4407,479
4408,717
4409,719
4410,733
4411,735
4412,973
4413,975
4414,989
4415,991
4416,1229
4417,1231
4418,1245
4419,1247
4420,1485
4421,1487
4422,1501
4423,1503
4424,1741
4425,1743
4426,1757
4427,1759
4428,1997
4429,1999
4430,2013
4431,2015
4432,2253
4433,2255
4434,2269
4435,2271
4436,2509
4437,2511
4438,2525
4439,2527
4440,2765
4441,2767
4442,2781
4443,2783
4444,3021
4445,3023
4446,3037
4447,3039
4448,3277
4449,3279
4450,3293
4451,3295
4452,3533
4453,3535
4454,3549
4455,3551
4456,3789
4457,3791
4458,3805
4459,3807
4460,4045
4461,4047
4462,4061
4463,4063
4464,4301
4465,4303
4466,4317
4467,4319
4468,4557
4469,4559
4470,4573
4471,4575
4472,4813
4473,4815
4474,4829
4475,4831
4476,5069
4477,5071
4478,5085
4479,5087
4480,224
4481,226
4482,240
4483,242
4484,480
4485,482
4486,496
4487,498
4488,736
4489,738
4490,752
4491,754
4492,992
4493,994
4494,1008
4495,1010
4496,1248
4497,1250
4498,1264
4499,1266
4500,1504
4501,1506
4502,1520
4503,1522
4504,1760
4505,1762
4506,1776
4507,1778
4508,2016
4509,2018
4510,2032
4511,2034
4512,2272
4513,2274
4514,2288
4515,2290
4516,2528
4517,2530
4518,2544
4519,2546
4520,2784
4521,2786
4522,2800
4523,2802
4524,3040
4525,3042
4526,3056
4527,3058
4528,3296
4529,3298
4530,3312
4531,3314
4532,3552
4533,3554
4534,3568
4535,3570
4536,3808
4537,3810
4538,3824
4539,3826
4540,4064
4541,4066
4542,4080
4543,4082
4544,4320
4545,4322
4546,4336
4547,4338
4548,4576
4549,4578
4550,4592
4551,4594
4552,4832
4553,4834
4554,4848
4555,4850
4556,5088
4557,5090
4558,5104
4559,5106
4560,225
4561,227
4562,241
4563,243
4564,481
4565,483
4566,497
4567,499
4568,737
4569,739
4570,753
4571,755
4572,993
4573,995
4574,1009
4575,1011
4576,1249
4577,1251
4578,1265
4579,1267
4580,1505
4581,1507
4582,1521
4583,1523
4584,1761
4585,1763
4586,1777
4587,1779
4588,2017
4589,2019
4590,2033
4591,2035
4592,2273
4593,2275
4594,2289
4595,2291
4596,2529
4597,2531
4598,2545
4599,2547
4600,2785
4601,2787
4602,2801
4603,2803
4604,3041
4605,3043
4606,3057
4607,3059
4608,3297
4609,3299
4610,3313
4611,3315
4612,3553
4613,3555
4614,3569
4615,3571
4616,3809
4617,3811
4618,3825
4619,3827
4620,4065
4621,4067
4622,4081
4623,4083
4624,4321
4625,4323
4626,4337
4627,4339
4628,4577
4629,4579
4630,4593
4631,4595
4632,4833
4633,4835
4634,4849
4635,4851
4636,5089
4637,5091
4638,5105
4639,5107
4640,228
4641,230
4642,244
4643,246
4644,484
4645,486
4646,500
4647,502
4648,740
4649,742
4650,756
4651,758
4652,996
4653,998
4654,1012
4655,1014
4656,1252
4657,1254
4658,1268
4659,1270
4660,1508
4661,1510
4662,1524
4663,1526
4664,1764
4665,1766
4666,1780
4667,1782
4668,2020
4669,2022
4670,2036
4671,2038
4672,2276
4673,2278
4674,2292
4675,2294
4676,2532
4677,2534
4678,2548
4679,2550
4680,2788
4681,2790
4682,2804
4683,2806
4684,3044
4685,3046
4686,3060
4687,3062
4688,3300
4689,3302
4690,3316
4691,3318
4692,3556
4693,3558
4694,3572
4695,3574
4696,3812
4697,3814
4698,3828
4699,3830
4700,4068
4701,4070
4702,4084
4703,4086
4704,4324
4705,4326
4706,4340
4707,4342
4708,4580
4709,4582
4710,4596
4711,4598
4712,4836
4713,4838
4714,4852
4715,4854
4716,5092
4717,5094
4718,5108
4719,5110
4720,229
4721,231
4722,245
4723,247
4724,485
4725,487
4726,501
4727,503
4728,741
4729,743
4730,757
4731,759
4732,997
4733,999
4734,1013
4735,1015
4736,1253
4737,1255
4738,1269
4739,1271
4740,1509
4741,1511
4742,1525
4743,1527
4744,1765
4745,1767
4746,1781
4747,1783
4748,2021
4749,2023
4750,2037
4751,2039
4752,2277
4753,2279
4754,2293
4755,2295
4756,2533
4757,2535
4758,2549
4759,2551
4760,2789
4761,2791
4762,2805
4763,2807
4764,3045
4765,3047
4766,3061
4767,3063
4768,3301
4769,3303
4770,3317
4771,3319
4772,3557
4773,3559
4774,3573
4775,3575
4776,3813
4777,3815
4778,3829
4779,3831
4780,4069
4781,4071
4782,4085
4783,4087
4784,4325
4785,4327
4786,4341
4787,4343
4788,4581
4789,4583
4790,4597
4791,4599
4792,4837
4793,4839
4794,4853
4795,4855
4796,5093
4797,5095
4798,5109
4799,5111
4800,232
4801,234
4802,248
4803,250
4804,488
4805,490
4806,504
4807,506
4808,744
4809,746
4810,760
4811,762
4812,1000
4813,1002
4814,1016
4815,1018
4816,1256
4817,1258
4818,1272
4819,1274
4820,1512
4821,1514
4822,1528
4823,1530
4824,1768
4825,1770
4826,1784
4827,1786
4828,2024
4829,2026
4830,2040
4831,2042
4832,2280
4833,2282
4834,2296
4835,2298
4836,2536
4837,2538
4838,2552
4839,2554
4840,2792
4841,2794
4842,2808
4843,2810
4844,3048
4845,3050
4846,3064
4847,3066
4848,3304
4849,3306
4850,3320
4851,3322
4852,3560
4853,3562
4854,3576
4855,3578
4856,3816
4857,3818
4858,3832
4859,3834
4860,4072
4861,4074
4862,4088
4863,4090
4864,4328
4865,4330
4866,4344
4867,4346
4868,4584
4869,4586
4870,4600
4871,4602
4872,4840
4873,4842
4874,4856
4875,4858
4876,5096
4877,5098
4878,5112
4879,5114
4880,233
4881,235
4882,249
4883,251
4884,489
4885,491
4886,505
4887,507
4888,745
4889,747
4890,761
4891,763
4892,1001
4893,1003
4894,1017
4895,1019
4896,1257
4897,1259
4898,1273
4899,1275
4900,1513
4901,1515
4902,1529
4903,1531
4904,1769
4905,1771
4906,1785
4907,1787
4908,2025
4909,2027
4910,2041
4911,2043
4912,2281
4913,2283
4914,2297
4915,2299
4916,2537
4917,2539
4918,2553
4919,2555
4920,2793
4921,2795
4922,2809
4923,2811
4924,3049
4925,3051
4926,3065
4927,3067
4928,3305
4929,3307
4930,3321
4931,3323
4932,3561
4933,3563
4934,3577
4935,3579
4936,3817
4937,3819
4938,3833
4939,3835
4940,4073
4941,4075
4942,4089
4943,4091
4944,4329
4945,4331
4946,4345
4947,4347
4948,4585
4949,4587
4950,4601
4951,4603
4952,4841
4953,4843
4954,4857
4955,4859
4956,5097
4957,5099
4958,5113
4959,5115
4960,236
4961,238
4962,252
4963,254
4964,492
4965,494
4966,508
4967,510
4968,748
4969,750
4970,764
4971,766
4972,1004
4973,1006
4974,1020
4975,1022
4976,1260
4977,1262
4978,1276
4979,1278
4980,1516
4981,1518
4982,1532
4983,1534
4984,1772
4985,1774
4986,1788
4987,1790
4988,2028
4989,2030
4990,2044
4991,2046
4992,2284
4993,2286
4994,2300
4995,2302
4996,2540
4997,2542
4998,2556
4999,2558
5000,2796
5001,2798
5002,2812
5003,2814
5004,3052
5005,3054
5006,3068
5007,3070
5008,3308
5009,3310
5010,3324
5011,3326
5012,3564
5013,3566
5014,3580
5015,3582
5016,3820
5017,3822
5018,3836
5019,3838
5020,4076
5021,4078
5022,4092
5023,4094
5024,4332
5025,4334
5026,4348
5027,4350
5028,4588
5029,4590
5030,4604
5031,4606
5032,4844
5033,4846
5034,4860
5035,4862
5036,5100
5037,5102
5038,5116
5039,5118
5040,237
5041,239
5042,253
5043,255
5044,493
5045,495
5046,509
5047,511
5048,749
5049,751
5050,765
5051,767
5052,1005
5053,1007
5054,1021
5055,1023
5056,1261
5057,1263
5058,1277
5059,1279
5060,1517
5061,1519
5062,1533
5063,1535
5064,1773
5065,1775
5066,1789
5067,1791
5068,2029
5069,2031
5070,2045
5071,2047
5072,2285
5073,2287
5074,2301
5075,2303
5076,2541
5077,2543
5078,2557
5079,2559
5080,2797
5081,2799
5082,2813
5083,2815
5084,3053
5085,3055
5086,3069
5087,3071
5088,3309
5089,3311
5090,3325
5091,3327
5092,3565
5093,3567
5094,3581
5095,3583
5096,3821
5097,3823
5098,3837
5099,3839
5100,4077
5101,4079
5102,4093
5103,4095
5104,4333
5105,4335
5106,4349
5107,4351
5108,4589
5109,4591
5110,4605
5111,4607
5112,4845
5113,4847
5114,4861
5115,4863
5116,5101
5117,5103
5118,5117
5119,5119
5120,5120
5121,5122
5122,5136
5123,5138
5124,5376
5125,5378
5126,5392
5127,5394
5128,5632
5129,5634
5130,5648
5131,5650
5132,5888
5133,5890
5134,5904
5135,5906
5136,6144
5137,6146
5138,6160
5139,6162
5140,6400
5141,6402
5142,6416
5143,6418
5144,6656
5145,6658
5146,6672
5147,6674
5148,6912
5149,6914
5150,6928
5151,6930
5152,7168
5153,7170
5154,7184
5155,7186
5156,7424
5157,7426
5158,7440
5159,7442
5160,7680
5161,7682
5162,7696
5163,7698
5164,7936
5165,7938
5166,7952
5167,7954
5168,8192
5169,8194
5170,8208
5171,8210
5172,8448
5173,8450
5174,8464
5175,8466
5176,8704
5177,8706
5178,8720
5179,8722
5180,8960
5181,8962
5182,8976
5183,8978
5184,9216
5185,9218
5186,9232
5187,9234
5188,9472
5189,9474
5190,9488
5191,9490
5192,9728
5193,9730
5194,9744
5195,9746
5196,9984
5197,9986
5198,10000
5199,10002
5200,5121
5201,5123
5202,5137
5203,5139
5204,5377
5205,5379
5206,5393
5207,5395
5208,5633
5209,5635
5210,5649
5211,5651
5212,5889
5213,5891
5214,5905
5215,5907
5216,6145
5217,6147
5218,6161
5219,6163
5220,6401
5221,6403
5222,6417
5223,6419
5224,6657
5225,6659
5226,6673
5227,6675
5228,6913
5229,6915
5230,6929
5231,6931
5232,7169
5233,7171
5234,7185
5235,7187
5236,7425
5237,7427
5238,7441
5239,7443
5240,7681
5241,7683
5242,7697
5243,7699
5244,7937
5245,7939
5246,7953
5247,7955
5248,8193
5249,8195
5250,8209
5251,8211
5252,8449
5253,8451
5254,8465
5255,8467
5256,8705
5257,8707
5258,8721
5259,8723
5260,8961
5261,8963
5262,8977
5263,8979
5264,9217
5265,9219
5266,9233
5267,9235
5268,9473
5269,9475
5270,9489
5271,9491
5272,9729
5273,9731
5274,9745
5275,9747
5276,9985
5277,9987
5278,10001
5279,10003
5280,5124
5281,5126
5282,5140
5283,5142
5284,5380
5285,5382
5286,5396
5287,5398
5288,5636
5289,5638
5290,5652
5291,5654
5292,5892
5293,5894
5294,5908
5295,5910
5296,6148
5297,6150
5298,6164
5299,6166
5300,6404
5301,6406
5302,6420
5303,6422
5304,6660
5305,6662
5306,6676
5307,6678
5308,6916
5309,6918
5310,6932
5311,6934
5312,7172
5313,7174
5314,7188
5315,7190
5316,7428
5317,7430
5318,7444
5319,7446
5320,7684
5321,7686
5322,7700
5323,7702
5324,7940
5325,7942
5326,7956
5327,7958
5328,8196
5329,8198
5330,8212
5331,8214
5332,8452
5333,8454
5334,8468
5335,8470
5336,8708
5337,8710
5338,8724
5339,8726
5340,8964
5341,8966
5342,8980
5343,8982
5344,9220
5345,9222
5346,9236
5347,9238
5348,9476
5349,9478
5350,9492
5351,9494
5352,9732
5353,9734
5354,9748
5355,9750
5356,9988
5357,9990
5358,10004
5359,10006
5360,5125
5361,5127
5362,5141
5363,5143
5364,5381
5365,5383
5366,5397
5367,5399
5368,5637
5369,5639
5370,5653
5371,5655
5372,5893
5373,5895
5374,5909
5375,5911
5376,6149
5377,6151
5378,6165
5379,6167
5380,6405
5381,6407
5382,6421
5383,6423
5384,6661
5385,6663
5386,6677
5387,6679
5388,6917
5389,6919
5390,6933
5391,6935
5392,7173
5393,7175
5394,7189
5395,7191
5396,7429
5397,7431
5398,7445
5399,7447
5400,7685
5401,7687
5402,7701
5403,7703
5404,7941
5405,7943
5406,7957
5407,7959
5408,8197
5409,8199
5410,8213
5411,8215
5412,8453
5413,8455
5414,8469
5415,8471
5416,8709
5417,8711
5418,8725
5419,8727
5420,8965
5421,8967
5422,8981
5423,8983
5424,9221
5425,9223
5426,9237
5427,9239
5428,9477
5429,9479
5430,9493
5431,9495
5432,9733
5433,9735
5434,9749
5435,9751
5436,9989
5437,9991
5438,10005
5439,10007
5440,5128
5441,5130
5442,5144
5443,5146
5444,5384
5445,5386
5446,5400
5447,5402
5448,5640
5449,5642
5450,5656
5451,5658
5452,5896
5453,5898
5454,5912
5455,5914
5456,6152
5457,6154
5458,6168
5459,6170
5460,6408
5461,6410
5462,6424
5463,6426
5464,6664
5465,6666
5466,6680
5467,6682
5468,6920
5469,6922
5470,6936
5471,6938
5472,7176
5473,7178
5474,7192
5475,7194
5476,7432
5477,7434
5478,7448
5479,7450
5480,7688
5481,7690
5482,7704
5483,7706
5484,7944
5485,7946
5486,7960
5487,7962
5488,8200
5489,8202
5490,8216
5491,8218
5492,8456
5493,8458
5494,8472
5495,8474
5496,8712
5497,8714
5498,8728
5499,8730
5500,8968
5501,8970
5502,8984
5503,8986
5504,9224
5505,9226
5506,9240
5507,9242
5508,9480
5509,9482
5510,9496
5511,9498
5512,9736
5513,9738
5514,9752
5515,9754
5516,9992
5517,9994
5518,10008
5519,10010
5520,5129
5521,5131
5522,5145
5523,5147
5524,5385
5525,5387
5526,5401
5527,5403
5528,5641
5529,5643
5530,5657
5531,5659
5532,5897
5533,5899
5534,5913
5535,5915
5536,6153
5537,6155
5538,6169
5539,6171
5540,6409
5541,6411
5542,6425
5543,6427
5544,6665
5545,6667
5546,6681
5547,6683
5548,6921
5549,6923
5550,6937
5551,6939
5552,7177
5553,7179
5554,7193
5555,7195
5556,7433
5557,7435
5558,7449
5559,7451
5560,7689
5561,7691
5562,7705
5563,7707
5564,7945
5565,7947
5566,7961
5567,7963
5568,8201
5569,8203
5570,8217
5571,8219
5572,8457
5573,8459
5574,8473
5575,8475
5576,8713
5577,8715
5578,8729
5579,8731
5580,8969
5581,8971
5582,8985
5583,8987
5584,9225
5585,9227
5586,9241
5587,9243
5588,9481
5589,9483
5590,9497
5591,9499
5592,9737
5593,9739
5594,9753
5595,9755
5596,9993
5597,9995
5598,10009
5599,10011
5600,5132
5601,5134
5602,5148
5603,5150
5604,5388
5605,5390
5606,5404
5607,5406
5608,5644
5609,5646
5610,5660
5611,5662
5612,5900
5613,5902
5614,5916
5615,5918
5616,6156
5617,6158
5618,6172
5619,6174
5620,6412
5621,6414
5622,6428
5623,6430
5624,6668
5625,6670
5626,6684
5627,6686
5628,6924
5629,6926
5630,6940
5631,6942
5632,7180
5633,7182
5634,7196
5635,7198
5636,7436
5637,7438
5638,7452
5639,7454
5640,7692
5641,7694
5642,7708
5643,7710
5644,7948
5645,7950
5646,7964
5647,7966
5648,8204
5649,8206
5650,8220
5651,8222
5652,8460
5653,8462
5654,8476
5655,8478
5656,8716
5657,8718
5658,8732
5659,8734
5660,8972
5661,8974
5662,8988
5663,8990
5664,9228
5665,9230
5666,9244
5667,9246
5668,9484
5669,9486
5670,9500
5671,9502
5672,9740
5673,9742
5674,9756
5675,9758
5676,9996
5677,9998
5678,10012
5679,10014
5680,5133
5681,5135
5682,5149
5683,5151
5684,5389
5685,5391
5686,5405
5687,5407
5688,5645
5689,5647
5690,5661
5691,5663
5692,5901
5693,5903
5694,5917
5695,5919
5696,6157
5697,6159
5698,6173
5699,6175
5700,6413
5701,6415
5702,6429
5703,6431
5704,6669
5705,6671
5706,6685
5707,6687
5708,6925
5709,6927
5710,6941
5711,6943
5712,7181
5713,7183
5714,7197
5715,7199
5716,7437
5717,7439
5718,7453
5719,7455
5720,7693
5721,7695
5722,7709
5723,7711
5724,7949
5725,7951
5726,7965
5727,7967
5728,8205
5729,8207
5730,8221
5731,8223
5732,8461
5733,8463
5734,8477
5735,8479
5736,8717
5737,8719
5738,8733
5739,8735
5740,8973
5741,8975
5742,8989
5743,8991
5744,9229
5745,9231
5746,9245
5747,9247
5748,9485
5749,9487
5750,9501
5751,9503
5752,9741
5753,9743
5754,9757
5755,9759
5756,9997
5757,9999
5758,10013
5759,10015
5760,5152
5761,5154
5762,5168
5763,5170
5764,5408
5765,5410
5766,5424
5767,5426
5768,5664
5769,5666
5770,5680
5771,5682
5772,5920
5773,5922
5774,5936
5775,5938
5776,6176
5777,6178
5778,6192
5779,6194
5780,6432
5781,6434
5782,6448
5783,6450
5784,6688
5785,6690
5786,6704
5787,6706
5788,6944
5789,6946
5790,6960
5791,6962
5792,7200
5793,7202
5794,7216
5795,7218
5796,7456
5797,7458
5798,7472
5799,7474
5800,7712
5801,7714
5802,7728
5803,7730
5804,7968
5805,7970
5806,7984
5807,7986
5808,8224
5809,8226
5810,8240
5811,8242
5812,8480
5813,8482
5814,8496
5815,8498
5816,8736
5817,8738
5818,8752
5819,8754
5820,8992
5821,8994
5822,9008
5823,9010
5824,9248
5825,9250
5826,9264
5827,9266
5828,9504
5829,9506
5830,9520
5831,9522
5832,9760
5833,9762
5834,9776
5835,9778
5836,10016
5837,10018
5838,10032
5839,10034
5840,5153
5841,5155
5842,5169
5843,5171
5844,5409
5845,5411
5846,5425
5847,5427
5848,5665
5849,5667
5850,5681
5851,5683
5852,5921
5853,5923
5854,5937
5855,5939
5856,6177
5857,6179
5858,6193
5859,6195
5860,6433
5861,6435
5862,6449
5863,6451
5864,6689
5865,6691
5866,6705
5867,6707
5868,6945
5869,6947
5870,6961
5871,6963
5872,7201
5873,7203
5874,7217
5875,7219
5876,7457
5877,7459
5878,7473
5879,7475
5880,7713
5881,7715
5882,7729
5883,7731
5884,7969
5885,7971
5886,7985
5887,7987
5888,8225
5889,8227
5890,8241
5891,8243
5892,8481
5893,8483
5894,8497
5895,8499
5896,8737
5897,8739
5898,8753
5899,8755
5900,8993
5901,8995
5902,9009
5903,9011
5904,9249
5905,9251
5906,9265
5907,9267
5908,9505
5909,9507
5910,9521
5911,9523
5912,9761
5913,9763
5914,9777
5915,9779
5916,10017
5917,10019
5918,10033
5919,10035
5920,5156
5921,5158
5922,5172
5923,5174
5924,5412
5925,5414
5926,5428
5927,5430
5928,5668
5929,5670
5930,5684
5931,5686
5932,5924
5933,5926
5934,5940
5935,5942
5936,6180
5937,6182
5938,6196
5939,6198
5940,6436
5941,6438
5942,6452
5943,6454
5944,6692
5945,6694
5946,6708
5947,6710
5948,6948
5949,6950
5950,6964
5951,6966
5952,7204
5953,7206
5954,7220
5955,7222
5956,7460
5957,7462
5958,7476
5959,7478
5960,7716
5961,7718
5962,7732
5963,7734
5964,7972
5965,7974
5966,7988
5967,7990
5968,8228
5969,8230
5970,8244
5971,8246
5972,8484
5973,8486
5974,8500
5975,8502
5976,8740
5977,8742
5978,8756
5979,8758
5980,8996
5981,8998
5982,9012
5983,9014
5984,9252
5985,9254
5986,9268
5987,9270
5988,9508
5989,9510
5990,9524
5991,9526
5992,9764
5993,9766
5994,9780
5995,9782
5996,10020
5997,10022
5998,10036
5999,10038
6000,5157
6001,5159
6002,5173
6003,5175
6004,5413
6005,5415
6006,5429
6007,5431
6008,5669
6009,5671
6010,5685
6011,5687
6012,5925
6013,5927
6014,5941
6015,5943
6016,6181
6017,6183
6018,6197
6019,6199
6020,6437
6021,6439
6022,6453
6023,6455
6024,6693
6025,6695
6026,6709
6027,6711
6028,6949
6029,6951
6030,6965
6031,6967
6032,7205
6033,7207
6034,7221
6035,7223
6036,7461
6037,7463
6038,7477
6039,7479
6040,7717
6041,7719
6042,7733
6043,7735
6044,7973
6045,7975
6046,7989
6047,7991
6048,8229
6049,8231
6050,8245
6051,8247
6052,8485
6053,8487
6054,8501
6055,8503
6056,8741
6057,8743
6058,8757
6059,8759
6060,8997
6061,8999
6062,9013
6063,9015
6064,9253
6065,9255
6066,9269
6067,9271
6068,9509
6069,9511
6070,9525
6071,9527
6072,9765
6073,9767
6074,9781
6075,9783
6076,10021
6077,10023
6078,10037
6079,10039
6080,5160
6081,5162
6082,5176
6083,5178
6084,5416
6085,5418
6086,5432
6087,5434
6088,5672
6089,5674
6090,5688
6091,5690
6092,5928
6093,5930
6094,5944
6095,5946
6096,6184
6097,6186
6098,6200
6099,6202
6100,6440
6101,6442
6102,6456
6103,6458
6104,6696
6105,6698
6106,6712
6107,6714
6108,6952
6109,6954
6110,6968
6111,6970
6112,7208
6113,7210
6114,7224
6115,7226
6116,7464
6117,7466
6118,7480
6119,7482
6120,7720
6121,7722
6122,7736
6123,7738
6124,7976
6125,7978
6126,7992
6127,7994
6128,8232
6129,8234
6130,8248
6131,8250
6132,8488
6133,8490
6134,8504
6135,8506
6136,8744
6137,8746
6138,8760
6139,8762
6140,9000
6141,9002
6142,9016
6143,9018
6144,9256
6145,9258
6146,9272
6147,9274
6148,9512
6149,9514
6150,9528
6151,9530
6152,9768
6153,9770
6154,9784
6155,9786
6156,10024
6157,10026
6158,10040
6159,10042
6160,5161
6161,5163
6162,5177
6163,5179
6164,5417
6165,5419
6166,5433
6167,5435
6168,5673
6169,5675
6170,5689
6171,5691
6172,5929
6173,5931
6174,5945
6175,5947
6176,6185
6177,6187
6178,6201
6179,6203
6180,6441
6181,6443
6182,6457
6183,6459
6184,6697
6185,6699
6186,6713
6187,6715
6188,6953
6189,6955
6190,6969
6191,6971
6192,7209
6193,7211
6194,7225
6195,7227
6196,7465
6197,7467
6198,7481
6199,7483
6200,7721
6201,7723
6202,7737
6203,7739
6204,7977
6205,7979
6206,7993
6207,7995
6208,8233
6209,8235
6210,8249
6211,8251
6212,8489
6213,8491
6214,8505
6215,8507
6216,8745
6217,8747
6218,8761
6219,8763
6220,9001
6221,9003
6222,9017
6223,9019
6224,9257
6225,9259
6226,9273
6227,9275
6228,9513
6229,9515
6230,9529
6231,9531
6232,9769
6233,9771
6234,9785
6235,9787
6236,10025
6237,10027
6238,10041
6239,10043
6240,5164
6241,5166
6242,5180
6243,5182
6244,5420
6245,5422
6246,5436
6247,5438
6248,5676
6249,5678
6250,5692
6251,5694
6252,5932
6253,5934
6254,5948
6255,5950
6256,6188
6257,6190
6258,6204
6259,6206
6260,6444
6261,6446
6262,6460
6263,6462
6264,6700
6265,6702
6266,6716
6267,6718
6268,6956
6269,6958
6270,6972
6271,6974
6272,7212
6273,7214
6274,7228
6275,7230
6276,7468
6277,7470
6278,7484
6279,7486
6280,7724
6281,7726
6282,7740
6283,7742
6284,7980
6285,7982
6286,7996
6287,7998
6288,8236
6289,8238
6290,8252
6291,8254
6292,8492
6293,8494
6294,8508
6295,8510
6296,8748
6297,8750
6298,8764
6299,8766
6300,9004
6301,9006
6302,9020
6303,9022
6304,9260
6305,9262
6306,9276
6307,9278
6308,9516
6309,9518
6310,9532
6311,9534
6312,9772
6313,9774
6314,9788
6315,9790
6316,10028
6317,10030
6318,10044
6319,10046
6320,5165
6321,5167
6322,5181
6323,5183
6324,5421
6325,5423
6326,5437
6327,5439
6328,5677
6329,5679
6330,5693
6331,5695
6332,5933
6333,5935
6334,5949
6335,5951
6336,6189
6337,6191
6338,6205
6339,6207
6340,6445
6341,6447
6342,6461
6343,6463
6344,6701
6345,6703
6346,6717
6347,6719
6348,6957
6349,6959
6350,6973
6351,6975
6352,7213
6353,7215
6354,7229
6355,7231
6356,7469
6357,7471
6358,7485
6359,7487
6360,7725
6361,7727
6362,7741
6363,7743
6364,7981
6365,7983
6366,7997
6367,7999
6368,8237
6369,8239
6370,8253
6371,8255
6372,8493
6373,8495
6374,8509
6375,8511
6376,8749
6377,8751
6378,8765
6379,8767
6380,9005
6381,9007
6382,9021
6383,9023
6384,9261
6385,9263
6386,9277
6387,9279
6388,9517
6389,9519
6390,9533
6391,9535
6392,9773
6393,9775
6394,9789
6395,9791
6396,10029
6397,10031
6398,10045
6399,10047
